{
  "mae": 11.74962329864502,
  "rmse": 24.568615799922853,
  "mape": 6.284961700439453,
  "r2": 0.9242612719535828
}