{
  "mae": 18.603656768798828,
  "rmse": 37.66172807663968,
  "mape": 13.804692268371582,
  "r2": 0.7544730305671692
}