{
  "mae": 16.487794876098633,
  "rmse": 35.33973300006135,
  "mape": 9.908491134643555,
  "r2": 0.8472526669502258
}