{
  "mae": 10.167006492614746,
  "rmse": 21.515493798392633,
  "mape": 4.973459243774414,
  "r2": 0.9441661238670349
}