{
  "ranking_by_rmse": [
    {
      "rank": 1,
      "architecture": "multi_input_hybrid",
      "rmse": 21.515493798392633,
      "mape": 4.973459243774414
    },
    {
      "rank": 2,
      "architecture": "baseline_lstm",
      "rmse": 24.568615799922853,
      "mape": 6.284961700439453
    },
    {
      "rank": 3,
      "architecture": "bi_lstm",
      "rmse": 35.33973300006135,
      "mape": 9.908491134643555
    },
    {
      "rank": 4,
      "architecture": "lstm_cnn",
      "rmse": 37.66172807663968,
      "mape": 13.804692268371582
    }
  ],
  "baseline": {
    "architecture": "baseline_lstm",
    "architecture_kind": "single_input",
    "model_dir": "/Users/chrisbolton/Desktop/School/uni/Y4/W26/4990/ai_model/api/checkpoint/baseline_lstm",
    "metrics": {
      "mae": 11.74962329864502,
      "rmse": 24.568615799922853,
      "mape": 6.284961700439453,
      "r2": 0.9242612719535828
    }
  },
  "best_enhanced": {
    "architecture": "multi_input_hybrid",
    "architecture_kind": "multi_input",
    "model_dir": "/Users/chrisbolton/Desktop/School/uni/Y4/W26/4990/ai_model/api/checkpoint/multi_input_hybrid",
    "metrics": {
      "mae": 10.167006492614746,
      "rmse": 21.515493798392633,
      "mape": 4.973459243774414,
      "r2": 0.9441661238670349
    }
  },
  "improvement_vs_baseline": {
    "rmse_delta": -3.0531220015302196,
    "rmse_pct": 12.426919067779988,
    "mape_delta": -1.311502456665039,
    "mape_pct": 20.867310242691488
  }
}