{
  "rows": 47809,
  "columns": 21,
  "output_csv": "/Users/chrisbolton/Desktop/School/uni/Y4/W26/4990/ai_model/api/checkpoint/processed_merged_features.csv",
  "column_stats": {
    "CO2air": {
      "min": -499.0,
      "max": 1224.0,
      "mean": 649.4345703125
    },
    "Cum_irr": {
      "min": 0.0,
      "max": 8.300000190734863,
      "mean": 2.8203320503234863
    },
    "Tair": {
      "min": -1.0,
      "max": 34.29999923706055,
      "mean": 22.716075897216797
    },
    "Tot_PAR": {
      "min": 0.0,
      "max": 1005.0,
      "mean": 221.3524627685547
    },
    "Ventwind": {
      "min": 0.0,
      "max": 100.0,
      "mean": 2.7210984230041504
    },
    "AssimLight": {
      "min": 0.0,
      "max": 100.0,
      "mean": 52.551822662353516
    },
    "VentLee": {
      "min": 0.0,
      "max": 100.0,
      "mean": 11.173628807067871
    },
    "HumDef": {
      "min": 0.20000000298023224,
      "max": 32.099998474121094,
      "mean": 3.9038968086242676
    },
    "co2_dos": {
      "min": 0.0,
      "max": 0.014999999664723873,
      "mean": 0.0021667866967618465
    },
    "PipeGrow": {
      "min": 0.0,
      "max": 61.29999923706055,
      "mean": 10.483427047729492
    },
    "EnScr": {
      "min": 0.0,
      "max": 100.0,
      "mean": 33.03524398803711
    },
    "BlackScr": {
      "min": 0.0,
      "max": 100.0,
      "mean": 25.315317153930664
    },
    "Windsp": {
      "min": 0.0,
      "max": 21.899999618530273,
      "mean": 4.986974239349365
    },
    "Winddir": {
      "min": 1.0,
      "max": 128.0,
      "mean": 28.658432006835938
    },
    "Tout": {
      "min": -0.20000000298023224,
      "max": 27.299999237060547,
      "mean": 9.02049732208252
    },
    "Rhout": {
      "min": 10.100003242492676,
      "max": 99.69999694824219,
      "mean": 74.8387451171875
    },
    "AbsHumOut": {
      "min": 0.8790992498397827,
      "max": 12.427133560180664,
      "mean": 6.5673298835754395
    },
    "PARout": {
      "min": 0.0,
      "max": 2010.0,
      "mean": 250.32894897460938
    },
    "Iglob": {
      "min": 0.0,
      "max": 1505.0,
      "mean": 125.30943298339844
    },
    "Pyrgeo": {
      "min": -136.0,
      "max": 0.0,
      "mean": -52.88074493408203
    },
    "RadSum": {
      "min": 0.0,
      "max": 2999.0,
      "mean": 476.968505859375
    }
  }
}